"student_id","cohort_year","first_name","last_name","full_name"
"S2022_001",2022,"Apiluck","Lim","Apiluck Lim"
"S2023_001",2023,"Darren","Munk","Darren Munk"
"S2024_001",2024,"Azeema","Ferland","Azeema Ferland"
"S2025_001",2025,"Jeremy","Davila","Jeremy Davila"
"S2022_002",2022,"Destiny","Incitti","Destiny Incitti"
"S2023_002",2023,"Trevor","Hansen","Trevor Hansen"
"S2024_002",2024,"Miguel","el-Siddique","Miguel el-Siddique"
"S2025_002",2025,"Kodi","Kishi","Kodi Kishi"
"S2022_003",2022,"Thinh","Her","Thinh Her"
"S2023_003",2023,"Samantha","el-Hakeem","Samantha el-Hakeem"
"S2024_003",2024,"Elaine","Lumpkin","Elaine Lumpkin"
"S2025_003",2025,"Sylviana","Ellis","Sylviana Ellis"
"S2022_004",2022,"Josiah","Lantz","Josiah Lantz"
"S2023_004",2023,"Skyla","Wilkins","Skyla Wilkins"
"S2024_004",2024,"Cameron","Mcneal","Cameron Mcneal"
"S2025_004",2025,"Emilia","Rodriguez","Emilia Rodriguez"
"S2022_005",2022,"Jourdan","Jensen","Jourdan Jensen"
"S2023_005",2023,"Alicia","Brunelli","Alicia Brunelli"
"S2024_005",2024,"Devin","Mora","Devin Mora"
"S2025_005",2025,"Guadalupe","Mireles","Guadalupe Mireles"
"S2022_006",2022,"Crystal","al-Madani","Crystal al-Madani"
"S2023_006",2023,"Sara","Christiansen","Sara Christiansen"
"S2024_006",2024,"Albieli","Martinez","Albieli Martinez"
"S2025_006",2025,"Victor","Ambrozic","Victor Ambrozic"
"S2022_007",2022,"Kenneth","al-Maroun","Kenneth al-Maroun"
"S2023_007",2023,"Danielle","el-Hamdan","Danielle el-Hamdan"
"S2024_007",2024,"Xuan","Lopez","Xuan Lopez"
"S2025_007",2025,"Calvin","Myagmarsuren","Calvin Myagmarsuren"
"S2022_008",2022,"Sadeeda","Jenne","Sadeeda Jenne"
"S2023_008",2023,"Davon","al-Neman","Davon al-Neman"
"S2024_008",2024,"Valerie","Danner","Valerie Danner"
"S2025_008",2025,"Maimoona","Guatney","Maimoona Guatney"
"S2022_009",2022,"Meaghan","Ezell","Meaghan Ezell"
"S2023_009",2023,"Shakira","Lane","Shakira Lane"
"S2024_009",2024,"Danielle","Vo","Danielle Vo"
"S2025_009",2025,"Milton","Rosenburg-Green","Milton Rosenburg-Green"
"S2022_010",2022,"Valerie","Koenig","Valerie Koenig"
"S2023_010",2023,"Marisa","Perez","Marisa Perez"
"S2024_010",2024,"Daniel","Collins","Daniel Collins"
"S2025_010",2025,"Richard","Garcia","Richard Garcia"
"S2022_011",2022,"Sylis","Bartelt","Sylis Bartelt"
"S2023_011",2023,"Benjamin","Walck","Benjamin Walck"
"S2024_011",2024,"Cam","Ahmed","Cam Ahmed"
"S2025_011",2025,"Alan","Rivera","Alan Rivera"
"S2022_012",2022,"Salwa","Welch","Salwa Welch"
"S2023_012",2023,"Padua","Garza","Padua Garza"
"S2024_012",2024,"Ishi","Burch","Ishi Burch"
"S2025_012",2025,"Pseanna","Robinson","Pseanna Robinson"
"S2022_013",2022,"Shanna","Valdo","Shanna Valdo"
"S2023_013",2023,"Hasana","Kielty","Hasana Kielty"
"S2024_013",2024,"Maydaysha","al-Noorani","Maydaysha al-Noorani"
"S2025_013",2025,"Khulood","el-Haider","Khulood el-Haider"
"S2022_014",2022,"Sydney","Long","Sydney Long"
"S2023_014",2023,"Zachery","Carter","Zachery Carter"
"S2024_014",2024,"Anthony","Garcia","Anthony Garcia"
"S2025_014",2025,"Kayla","Woods","Kayla Woods"
"S2022_015",2022,"Saeed","Chee","Saeed Chee"
"S2023_015",2023,"Eric Thomas","al-Radi","Eric Thomas al-Radi"
"S2024_015",2024,"Sarah","Peterson","Sarah Peterson"
"S2025_015",2025,"Joshua","Ng","Joshua Ng"
"S2022_016",2022,"Makaylah","Olguin","Makaylah Olguin"
"S2023_016",2023,"Tess","Zeiler","Tess Zeiler"
"S2024_016",2024,"Larae","Clark","Larae Clark"
"S2025_016",2025,"Shakira","Gallardo","Shakira Gallardo"
"S2022_017",2022,"Nazrawe","Davis","Nazrawe Davis"
"S2023_017",2023,"Rajaa","Heidrich","Rajaa Heidrich"
"S2024_017",2024,"Hilda","Lasota","Hilda Lasota"
"S2025_017",2025,"Gericko","Nelson","Gericko Nelson"
"S2022_018",2022,"John","Ha","John Ha"
"S2023_018",2023,"Larissa","el-Rahaman","Larissa el-Rahaman"
"S2024_018",2024,"Sabri","Lee","Sabri Lee"
"S2025_018",2025,"Cameron","Sheeder","Cameron Sheeder"
"S2022_019",2022,"Dylan","Green","Dylan Green"
"S2023_019",2023,"Chimmoua","Lee","Chimmoua Lee"
"S2024_019",2024,"Mudrik","Stoudt","Mudrik Stoudt"
"S2025_019",2025,"Dameion","Chisholm","Dameion Chisholm"
"S2022_020",2022,"Ruby","Schwartz","Ruby Schwartz"
"S2023_020",2023,"Dylan","al-Qasim","Dylan al-Qasim"
"S2024_020",2024,"Karly","el-Salih","Karly el-Salih"
"S2025_020",2025,"Sukrith","Hart","Sukrith Hart"
"S2022_021",2022,"Shalynn","el-Quadri","Shalynn el-Quadri"
"S2023_021",2023,"Arvind","Enriquez","Arvind Enriquez"
"S2024_021",2024,"Urwa","Kumar","Urwa Kumar"
"S2025_021",2025,"Sitaara","Galindo","Sitaara Galindo"
"S2022_022",2022,"Jeffrey","al-Kaber","Jeffrey al-Kaber"
"S2023_022",2023,"Haakima","el-Muhammed","Haakima el-Muhammed"
"S2024_022",2024,"Jiyaad","Jacquez","Jiyaad Jacquez"
"S2025_022",2025,"Desiree","Allen","Desiree Allen"
"S2022_023",2022,"Ethan","Martinez","Ethan Martinez"
"S2023_023",2023,"David","Trujillo","David Trujillo"
"S2024_023",2024,"Richard","el-Farid","Richard el-Farid"
"S2025_023",2025,"Kalina","Bryson","Kalina Bryson"
"S2022_024",2022,"Malia","Dixon","Malia Dixon"
"S2023_024",2023,"Byanka","Alvarez-Duarte","Byanka Alvarez-Duarte"
"S2024_024",2024,"Yuh'Meace","Sibrian Ayala","Yuh'Meace Sibrian Ayala"
"S2025_024",2025,"Sara","Saunders","Sara Saunders"
"S2022_025",2022,"Najaat","Spencer","Najaat Spencer"
"S2023_025",2023,"Edward","Hall Edmond","Edward Hall Edmond"
"S2024_025",2024,"Shukri","Perry","Shukri Perry"
"S2025_025",2025,"Dre","Rivera","Dre Rivera"
"S2022_026",2022,"Alexandria","el-Azzi","Alexandria el-Azzi"
"S2023_026",2023,"Lauren","Montoya","Lauren Montoya"
"S2024_026",2024,"Brianna","Lontine","Brianna Lontine"
"S2025_026",2025,"Haley","Ngo","Haley Ngo"
"S2022_027",2022,"Kaela","Solano","Kaela Solano"
"S2023_027",2023,"Matthew","Armbruster","Matthew Armbruster"
"S2024_027",2024,"Jermaine","Murphy","Jermaine Murphy"
"S2025_027",2025,"Erick","Ross","Erick Ross"
"S2022_028",2022,"Wyatt","el-Mir","Wyatt el-Mir"
"S2023_028",2023,"Alexander","Winklmann","Alexander Winklmann"
"S2024_028",2024,"Justice","al-Ebrahimi","Justice al-Ebrahimi"
"S2025_028",2025,"Dennis","Altangerel","Dennis Altangerel"
"S2022_029",2022,"Angelo","Jefferson","Angelo Jefferson"
"S2023_029",2023,"Raelene","Chavez","Raelene Chavez"
"S2024_029",2024,"Phillip","Nguyen","Phillip Nguyen"
"S2025_029",2025,"Tallon","Lee","Tallon Lee"
"S2022_030",2022,"Abdur Raheem","el-Azzam","Abdur Raheem el-Azzam"
"S2023_030",2023,"Selena","Boehm","Selena Boehm"
"S2024_030",2024,"Aminaa","Kills In Sight","Aminaa Kills In Sight"
"S2025_030",2025,"Joshua","Malika","Joshua Malika"
"S2022_031",2022,"Madina","el-Mohammad","Madina el-Mohammad"
"S2023_031",2023,"Robert","Berry","Robert Berry"
"S2024_031",2024,"Courtnee","Franklin","Courtnee Franklin"
"S2025_031",2025,"Breland","Martinez","Breland Martinez"
"S2022_032",2022,"Imtinaan","Madden","Imtinaan Madden"
"S2023_032",2023,"Salvador","Suazo","Salvador Suazo"
"S2024_032",2024,"Emily","al-Kamal","Emily al-Kamal"
"S2025_032",2025,"Alyssa","Wada","Alyssa Wada"
"S2022_033",2022,"Erik","Elzarad","Erik Elzarad"
"S2023_033",2023,"Carl","Chongtoua","Carl Chongtoua"
"S2024_033",2024,"Liliana","al-Farah","Liliana al-Farah"
"S2025_033",2025,"Zaria","Tunnell","Zaria Tunnell"
"S2022_034",2022,"Marigret","Juarez","Marigret Juarez"
"S2023_034",2023,"Diana","Hirano","Diana Hirano"
"S2024_034",2024,"Kameel","Jones","Kameel Jones"
"S2025_034",2025,"Nuzha","Takahashi","Nuzha Takahashi"
"S2022_035",2022,"Marcus","al-Allee","Marcus al-Allee"
"S2023_035",2023,"Savannah","Hyatt","Savannah Hyatt"
"S2024_035",2024,"Shanta","Bolton","Shanta Bolton"
"S2025_035",2025,"Francis","Carroll","Francis Carroll"
"S2022_036",2022,"Joshua","Reynolds","Joshua Reynolds"
"S2023_036",2023,"Shaawn","Maestas","Shaawn Maestas"
"S2024_036",2024,"Mario","Boden","Mario Boden"
"S2025_036",2025,"Jeffrey","Tapia","Jeffrey Tapia"
"S2022_037",2022,"Will","Garcia","Will Garcia"
"S2023_037",2023,"Jung","al-Alli","Jung al-Alli"
"S2024_037",2024,"Aleena","Novak","Aleena Novak"
"S2025_037",2025,"Kevin","el-Shaikh","Kevin el-Shaikh"
"S2022_038",2022,"Kevin","Gaskins","Kevin Gaskins"
"S2023_038",2023,"Kiersten","Mitchell","Kiersten Mitchell"
"S2024_038",2024,"Saalim","Castillo","Saalim Castillo"
"S2025_038",2025,"Abdul Baasid","Perez","Abdul Baasid Perez"
"S2022_039",2022,"Michael","Smith","Michael Smith"
"S2023_039",2023,"Brittnie","Albertson","Brittnie Albertson"
"S2024_039",2024,"Caroline","Mcmillan","Caroline Mcmillan"
"S2025_039",2025,"Brandon","Gast","Brandon Gast"
"S2022_040",2022,"Moosha","Jackson","Moosha Jackson"
"S2023_040",2023,"Savannah","Henniger","Savannah Henniger"
"S2024_040",2024,"Mahek","Tolbertson","Mahek Tolbertson"
"S2025_040",2025,"Alexandrea","Paskemin","Alexandrea Paskemin"
"S2022_041",2022,"Laricca","Shongolo","Laricca Shongolo"
"S2023_041",2023,"Dyanna","Whitesides","Dyanna Whitesides"
"S2024_041",2024,"Nuzha","el-Mussa","Nuzha el-Mussa"
"S2025_041",2025,"Tory","French","Tory French"
"S2022_042",2022,"Sabriyya","el-Basher","Sabriyya el-Basher"
"S2023_042",2023,"Brianna","al-Laham","Brianna al-Laham"
"S2024_042",2024,"Kyle","Dicesare","Kyle Dicesare"
"S2025_042",2025,"Hikma","Gonzales","Hikma Gonzales"
"S2022_043",2022,"Sheridan","Russell","Sheridan Russell"
"S2023_043",2023,"Marny","Ortivez","Marny Ortivez"
"S2024_043",2024,"Spencer","Carter","Spencer Carter"
"S2025_043",2025,"Rachelle","Fernandez","Rachelle Fernandez"
"S2022_044",2022,"Chia-Lo","Southern","Chia-Lo Southern"
"S2023_044",2023,"Amada","Scott","Amada Scott"
"S2024_044",2024,"Holly","al-Rasul","Holly al-Rasul"
"S2025_044",2025,"Alejandra","Bybee","Alejandra Bybee"
"S2022_045",2022,"Justin","Wunder","Justin Wunder"
"S2023_045",2023,"Marina","al-Din","Marina al-Din"
"S2024_045",2024,"Gareth","Romero","Gareth Romero"
"S2025_045",2025,"Zengda","Renteria","Zengda Renteria"
"S2022_046",2022,"Kaarim","Jumbo","Kaarim Jumbo"
"S2023_046",2023,"Safia","Martinez","Safia Martinez"
"S2024_046",2024,"Benjamin","al-Gaber","Benjamin al-Gaber"
"S2025_046",2025,"Hadiyya","al-Naqvi","Hadiyya al-Naqvi"
"S2022_047",2022,"Angelique","al-Hamidi","Angelique al-Hamidi"
"S2023_047",2023,"Gabriel","el-Kamara","Gabriel el-Kamara"
"S2024_047",2024,"Eddie","Ortiz","Eddie Ortiz"
"S2025_047",2025,"Keaton","Valles","Keaton Valles"
"S2022_048",2022,"Krysta","Dasilva","Krysta Dasilva"
"S2023_048",2023,"Ryan","Harden","Ryan Harden"
"S2024_048",2024,"Darian","al-Shaikh","Darian al-Shaikh"
"S2025_048",2025,"Timothy","Tafoya","Timothy Tafoya"
"S2022_049",2022,"Emilio","Huynh","Emilio Huynh"
"S2023_049",2023,"Christian","Tan","Christian Tan"
"S2024_049",2024,"Mahfoodha","Varghese","Mahfoodha Varghese"
"S2025_049",2025,"Alejandra","Lestenkof","Alejandra Lestenkof"
"S2022_050",2022,"Calvin","Gray","Calvin Gray"
"S2023_050",2023,"Ubaida","Urquidi","Ubaida Urquidi"
"S2024_050",2024,"Michael","Song","Michael Song"
"S2025_050",2025,"Isabel","Culbertson","Isabel Culbertson"
"S2022_051",2022,"Chase","Tripathi","Chase Tripathi"
"S2023_051",2023,"Valerie","Giltner","Valerie Giltner"
"S2024_051",2024,"Lluvia","Kuroda","Lluvia Kuroda"
"S2025_051",2025,"Mikkayla","Garcia","Mikkayla Garcia"
"S2022_052",2022,"Curran","el-Yousuf","Curran el-Yousuf"
"S2023_052",2023,"Mackenzie","Ruiz","Mackenzie Ruiz"
"S2024_052",2024,"Elroy","Chavez","Elroy Chavez"
"S2025_052",2025,"Julia","Abassi","Julia Abassi"
"S2022_053",2022,"Tiffany","al-Lodi","Tiffany al-Lodi"
"S2023_053",2023,"Johser","Olson","Johser Olson"
"S2024_053",2024,"Rachel","al-Nasrallah","Rachel al-Nasrallah"
"S2025_053",2025,"Nashat","el-Ullah","Nashat el-Ullah"
"S2022_054",2022,"Avery","Rose","Avery Rose"
"S2023_054",2023,"Ariana","Slowman","Ariana Slowman"
"S2024_054",2024,"Dominick","Garcia Zamora","Dominick Garcia Zamora"
"S2025_054",2025,"Eric","Williams","Eric Williams"
"S2022_055",2022,"Christina","Slechter","Christina Slechter"
"S2023_055",2023,"Gabriell","el-Beydoun","Gabriell el-Beydoun"
"S2024_055",2024,"Chadrick","el-Radwan","Chadrick el-Radwan"
"S2025_055",2025,"Jessica","Flores","Jessica Flores"
"S2022_056",2022,"Michiyo","Vang","Michiyo Vang"
"S2023_056",2023,"Meelan","Carrillo-Manriquez","Meelan Carrillo-Manriquez"
"S2024_056",2024,"Mariah","Puchalsky","Mariah Puchalsky"
"S2025_056",2025,"Ethan","Larson","Ethan Larson"
"S2022_057",2022,"Brianna","Rickett","Brianna Rickett"
"S2023_057",2023,"Vincent","Critchlow","Vincent Critchlow"
"S2024_057",2024,"Samantha","Nguyen","Samantha Nguyen"
"S2025_057",2025,"Joselin","Bauder","Joselin Bauder"
"S2022_058",2022,"Morgan","Dinh","Morgan Dinh"
"S2023_058",2023,"Tania","Lopez","Tania Lopez"
"S2024_058",2024,"Lizbeth","Gonzales","Lizbeth Gonzales"
"S2025_058",2025,"Adam","Vang","Adam Vang"
"S2022_059",2022,"Keyona","Gardner","Keyona Gardner"
"S2023_059",2023,"Josephine","Maldonado","Josephine Maldonado"
"S2024_059",2024,"Divyanka","Plemons","Divyanka Plemons"
"S2025_059",2025,"Jowan","Sridhar","Jowan Sridhar"
"S2022_060",2022,"Ashley","Hallman","Ashley Hallman"
"S2023_060",2023,"Quinn","el-Shaikh","Quinn el-Shaikh"
"S2024_060",2024,"Mimi","Martinez","Mimi Martinez"
"S2025_060",2025,"Marcus","el-Farooqui","Marcus el-Farooqui"
"S2022_061",2022,"Marco","Wash","Marco Wash"
"S2023_061",2023,"Urian","Talamantez","Urian Talamantez"
"S2024_061",2024,"Tra'Von","Serrano","Tra'Von Serrano"
"S2025_061",2025,"Jocelyn","Panyavong","Jocelyn Panyavong"
"S2022_062",2022,"Michelle","Nguyen","Michelle Nguyen"
"S2023_062",2023,"Rasheeda","Zeutzius","Rasheeda Zeutzius"
"S2024_062",2024,"Hanaaa","Dennis","Hanaaa Dennis"
"S2025_062",2025,"Anwar","Perkins","Anwar Perkins"
"S2022_063",2022,"Dewyone","Germain","Dewyone Germain"
"S2023_063",2023,"Victoria","Muljadi","Victoria Muljadi"
"S2024_063",2024,"Joseph","Ashbaugh","Joseph Ashbaugh"
"S2025_063",2025,"Lara","Andales","Lara Andales"
"S2022_064",2022,"Jaarallah","al-Khatib","Jaarallah al-Khatib"
"S2023_064",2023,"Carlos","Billinghurst","Carlos Billinghurst"
"S2024_064",2024,"Brooke","Coates","Brooke Coates"
"S2025_064",2025,"Yahya","Vasquez","Yahya Vasquez"
"S2022_065",2022,"Abdul-Jaleel","Neff","Abdul-Jaleel Neff"
"S2023_065",2023,"Kolten","Jeannoutot","Kolten Jeannoutot"
"S2024_065",2024,"Sharin","Cone","Sharin Cone"
"S2025_065",2025,"Khamsouk","Brown","Khamsouk Brown"
"S2022_066",2022,"Anthony","Dunton","Anthony Dunton"
"S2023_066",2023,"Sean","Van","Sean Van"
"S2024_066",2024,"James","Dunbar","James Dunbar"
"S2025_066",2025,"Briana","Rosario Marcos","Briana Rosario Marcos"
"S2022_067",2022,"Nickolas","George","Nickolas George"
"S2023_067",2023,"Samone","Castanon-Gonzalez","Samone Castanon-Gonzalez"
"S2024_067",2024,"Lavonne","Boykins","Lavonne Boykins"
"S2025_067",2025,"Donald","Owens","Donald Owens"
"S2022_068",2022,"Wakiyan","Her","Wakiyan Her"
"S2023_068",2023,"Eric","Mc Gilchrist","Eric Mc Gilchrist"
"S2024_068",2024,"Janetta","Wong","Janetta Wong"
"S2025_068",2025,"Neil","Layden","Neil Layden"
"S2022_069",2022,"Moseha","Kell","Moseha Kell"
"S2023_069",2023,"Roger","Garcia","Roger Garcia"
"S2024_069",2024,"Mikayla","Oran","Mikayla Oran"
"S2025_069",2025,"Uyen","Novak","Uyen Novak"
"S2022_070",2022,"Michael","Arechiga","Michael Arechiga"
"S2023_070",2023,"Christopher","al-Mohamad","Christopher al-Mohamad"
"S2024_070",2024,"Aubrey","Cruz","Aubrey Cruz"
"S2025_070",2025,"Carolyn","Baca","Carolyn Baca"
"S2022_071",2022,"Hamad","Lizcano Morales","Hamad Lizcano Morales"
"S2023_071",2023,"Safaaa","Coburn","Safaaa Coburn"
"S2024_071",2024,"Adam","Izzolena","Adam Izzolena"
"S2025_071",2025,"Dakota","Archuleta","Dakota Archuleta"
"S2022_072",2022,"Nantapop","Clark","Nantapop Clark"
"S2023_072",2023,"Ashlyn","Modisette","Ashlyn Modisette"
"S2024_072",2024,"Weldon","Vuong","Weldon Vuong"
"S2025_072",2025,"Ryan","Rufino","Ryan Rufino"
"S2022_073",2022,"Kadi","Beach","Kadi Beach"
"S2023_073",2023,"Kelsey","Her","Kelsey Her"
"S2024_073",2024,"Luis","Torres","Luis Torres"
"S2025_073",2025,"Scott","Wright","Scott Wright"
"S2022_074",2022,"Israa","el-Ramadan","Israa el-Ramadan"
"S2023_074",2023,"Christopher","Lawson","Christopher Lawson"
"S2024_074",2024,"Shyanne","Truong","Shyanne Truong"
"S2025_074",2025,"Mawdood","Dunlap","Mawdood Dunlap"
"S2022_075",2022,"Labeeb","Esparza","Labeeb Esparza"
"S2023_075",2023,"Jameil","Miranda","Jameil Miranda"
"S2024_075",2024,"Dakota","Brophy","Dakota Brophy"
"S2025_075",2025,"Alanna","Metts","Alanna Metts"
"S2022_076",2022,"Crystal","Ellis","Crystal Ellis"
"S2023_076",2023,"Sajiyya","Dandu","Sajiyya Dandu"
"S2024_076",2024,"Adrian","Roberts","Adrian Roberts"
"S2025_076",2025,"Jordan","Mosqueda Medel","Jordan Mosqueda Medel"
"S2022_077",2022,"Muna","Brunson","Muna Brunson"
"S2023_077",2023,"Ghaaziya","Kim","Ghaaziya Kim"
"S2024_077",2024,"Nathan","Belcher","Nathan Belcher"
"S2025_077",2025,"Kacey","Morgan","Kacey Morgan"
"S2022_078",2022,"Crystal","al-Baten","Crystal al-Baten"
"S2023_078",2023,"Nicole","Fink","Nicole Fink"
"S2024_078",2024,"Alana","Regalado-Love","Alana Regalado-Love"
"S2025_078",2025,"Siraaj","Mcphate","Siraaj Mcphate"
"S2022_079",2022,"Christina","Rosas","Christina Rosas"
"S2023_079",2023,"Lahee","Godfrey","Lahee Godfrey"
"S2024_079",2024,"Evan","Espinoza","Evan Espinoza"
"S2025_079",2025,"Jannat","Charles","Jannat Charles"
"S2022_080",2022,"Jessica","Smith","Jessica Smith"
"S2023_080",2023,"Catrina","Brown","Catrina Brown"
"S2024_080",2024,"Marissa","Harmon","Marissa Harmon"
"S2025_080",2025,"Marceen","Garcia","Marceen Garcia"
"S2022_081",2022,"Dana","Johnson","Dana Johnson"
"S2023_081",2023,"Jasmine","Wilson-Parson","Jasmine Wilson-Parson"
"S2024_081",2024,"Brittany","Zhou","Brittany Zhou"
"S2025_081",2025,"Qisma","al-Mansur","Qisma al-Mansur"
"S2022_082",2022,"Burhaan","al-Emami","Burhaan al-Emami"
"S2023_082",2023,"Teyon","Silva","Teyon Silva"
"S2024_082",2024,"Sham'a","Mcdonald","Sham'a Mcdonald"
"S2025_082",2025,"Mubaaraka","Umu","Mubaaraka Umu"
"S2022_083",2022,"Monick","Johnson","Monick Johnson"
"S2023_083",2023,"Milagros","el-Haidar","Milagros el-Haidar"
"S2024_083",2024,"Von Buddenbrock","Schuetz","Von Buddenbrock Schuetz"
"S2025_083",2025,"Alyssa","Hernandez","Alyssa Hernandez"
"S2022_084",2022,"Anbara","Ortiz","Anbara Ortiz"
"S2023_084",2023,"Colton","Rodriguez","Colton Rodriguez"
"S2024_084",2024,"Ruben","O'Malley","Ruben O'Malley"
"S2025_084",2025,"Shaniya","Herrera Vega","Shaniya Herrera Vega"
"S2022_085",2022,"Calista","Martinez-Meza","Calista Martinez-Meza"
"S2023_085",2023,"Brooklyvon","el-Shahan","Brooklyvon el-Shahan"
"S2024_085",2024,"Shamel","el-Mahdavi","Shamel el-Mahdavi"
"S2025_085",2025,"Theola","Simpson","Theola Simpson"
"S2022_086",2022,"Ashley","Martinez","Ashley Martinez"
"S2023_086",2023,"Randall","al-Ramin","Randall al-Ramin"
"S2024_086",2024,"Desirae","Myers","Desirae Myers"
"S2025_086",2025,"Morgan","Howe","Morgan Howe"
"S2022_087",2022,"Kaila","al-Karim","Kaila al-Karim"
"S2023_087",2023,"Sonny","Ramirez","Sonny Ramirez"
"S2024_087",2024,"Alec","Dotson","Alec Dotson"
"S2025_087",2025,"Samih","Pecorella","Samih Pecorella"
"S2022_088",2022,"Graciela","Hutton","Graciela Hutton"
"S2023_088",2023,"Devin","Trinh","Devin Trinh"
"S2024_088",2024,"Mary","Richardson","Mary Richardson"
"S2025_088",2025,"Misty","Guttadore","Misty Guttadore"
"S2022_089",2022,"Kathryn","Smith","Kathryn Smith"
"S2023_089",2023,"D'Angelo","Castro","D'Angelo Castro"
"S2024_089",2024,"Bailey","Jackson","Bailey Jackson"
"S2025_089",2025,"Cara","Dong","Cara Dong"
"S2022_090",2022,"Waheeda","Salas-Smith","Waheeda Salas-Smith"
"S2023_090",2023,"Abdullah","el-Saade","Abdullah el-Saade"
"S2024_090",2024,"Mas'ooda","Than","Mas'ooda Than"
"S2025_090",2025,"Laurence","Silva","Laurence Silva"
"S2022_091",2022,"Katherine","el-Azimi","Katherine el-Azimi"
"S2023_091",2023,"Jennifer","el-Fahmy","Jennifer el-Fahmy"
"S2024_091",2024,"Ariyya","Woody","Ariyya Woody"
"S2025_091",2025,"Alexander","Sandoval","Alexander Sandoval"
"S2022_092",2022,"Payton","Mascarenas","Payton Mascarenas"
"S2023_092",2023,"Zaghlool","Stafford","Zaghlool Stafford"
"S2024_092",2024,"Summer","Hishinuma","Summer Hishinuma"
"S2025_092",2025,"Dalvin","Lefholz","Dalvin Lefholz"
"S2022_093",2022,"Mckinley","Erman","Mckinley Erman"
"S2023_093",2023,"Aakif","Musso","Aakif Musso"
"S2024_093",2024,"Saeed","Balerio","Saeed Balerio"
"S2025_093",2025,"Jessica","Logue","Jessica Logue"
"S2022_094",2022,"Haamid","Sanchez","Haamid Sanchez"
"S2023_094",2023,"Faraah","Archuleta Joyce","Faraah Archuleta Joyce"
"S2024_094",2024,"Jasmine","Hoffman","Jasmine Hoffman"
"S2025_094",2025,"Mahmood","Lung","Mahmood Lung"
"S2022_095",2022,"Justin","Aguirre","Justin Aguirre"
"S2023_095",2023,"Vanessa","Hardy","Vanessa Hardy"
"S2024_095",2024,"Shante","Bean","Shante Bean"
"S2025_095",2025,"Savannah","Poli","Savannah Poli"
"S2022_096",2022,"Jarnell","Siewiyumptewa","Jarnell Siewiyumptewa"
"S2023_096",2023,"Nathan","Heredia","Nathan Heredia"
"S2024_096",2024,"Brian","Pham","Brian Pham"
"S2025_096",2025,"Lauren","Baca","Lauren Baca"
"S2022_097",2022,"Tareef","al-Akbar","Tareef al-Akbar"
"S2023_097",2023,"Nazmiyya","Rupp","Nazmiyya Rupp"
"S2024_097",2024,"David","Wong","David Wong"
"S2025_097",2025,"Toby","Yazzie","Toby Yazzie"
"S2022_098",2022,"Kamaal","al-Samaan","Kamaal al-Samaan"
"S2023_098",2023,"Danielle","Rude","Danielle Rude"
"S2024_098",2024,"Lauryn","al-Nassif","Lauryn al-Nassif"
"S2025_098",2025,"Yohannes","Ortega","Yohannes Ortega"
"S2022_099",2022,"Na Youn","Murray","Na Youn Murray"
"S2023_099",2023,"Zackery","Lefholz","Zackery Lefholz"
"S2024_099",2024,"Temry","Cole","Temry Cole"
"S2025_099",2025,"David","Caldwell","David Caldwell"
"S2022_100",2022,"Tenai","Tani","Tenai Tani"
"S2023_100",2023,"Preston","al-Saladin","Preston al-Saladin"
"S2024_100",2024,"Peter","Mcbride","Peter Mcbride"
"S2025_100",2025,"Dominic","Ferren","Dominic Ferren"
"S2022_101",2022,"Saleema","Geras","Saleema Geras"
"S2023_101",2023,"Nadia","Lawson","Nadia Lawson"
"S2024_101",2024,"Travis","Thompson","Travis Thompson"
"S2025_101",2025,"Kendra","Erman","Kendra Erman"
"S2022_102",2022,"Zaahir","Stark","Zaahir Stark"
"S2023_102",2023,"Chrystal","Adams","Chrystal Adams"
"S2024_102",2024,"Umaira","Calderon","Umaira Calderon"
"S2025_102",2025,"Desiree","Apodaca-Anaya","Desiree Apodaca-Anaya"
"S2022_103",2022,"Benny","Falope","Benny Falope"
"S2023_103",2023,"Patrick","Hardy","Patrick Hardy"
"S2024_103",2024,"Sky","Saenz","Sky Saenz"
"S2025_103",2025,"Amanda","Hernandez","Amanda Hernandez"
"S2022_104",2022,"Sophia","Jones","Sophia Jones"
"S2023_104",2023,"Uqbah","Reese","Uqbah Reese"
"S2024_104",2024,"Laci","Lamar","Laci Lamar"
"S2025_104",2025,"Cruz","al-Haque","Cruz al-Haque"
"S2022_105",2022,"Trent","Olsen","Trent Olsen"
"S2023_105",2023,"Angelo","Billings","Angelo Billings"
"S2024_105",2024,"Mercedes","Bravo","Mercedes Bravo"
"S2025_105",2025,"Chantel","Cubbage","Chantel Cubbage"
"S2022_106",2022,"Justine","Ramos-Alcaraz","Justine Ramos-Alcaraz"
"S2023_106",2023,"Daviyon","el-Ishmael","Daviyon el-Ishmael"
"S2024_106",2024,"Jam,Aan","Le","Jam,Aan Le"
"S2025_106",2025,"Martin","al-Ansari","Martin al-Ansari"
"S2022_107",2022,"Katelynn","Jones","Katelynn Jones"
"S2023_107",2023,"Ahmed","Furler","Ahmed Furler"
"S2024_107",2024,"Devante","Quackenbush","Devante Quackenbush"
"S2025_107",2025,"Nawfa","Martinez","Nawfa Martinez"
"S2022_108",2022,"Ghaamid","Brauher","Ghaamid Brauher"
"S2023_108",2023,"Lauren","Williams","Lauren Williams"
"S2024_108",2024,"Andy","Long","Andy Long"
"S2025_108",2025,"Amber","al-Kamal","Amber al-Kamal"
"S2022_109",2022,"Nicholas","Hester","Nicholas Hester"
"S2023_109",2023,"Farhat","al-Ghazal","Farhat al-Ghazal"
"S2024_109",2024,"Marie","Nay","Marie Nay"
"S2025_109",2025,"Rebecca","Musimbi","Rebecca Musimbi"
"S2022_110",2022,"Nizaam","Shander","Nizaam Shander"
"S2023_110",2023,"Megan","Tafoya","Megan Tafoya"
"S2024_110",2024,"Shaakira","Del Cid","Shaakira Del Cid"
"S2025_110",2025,"Nawaar","el-Hasan","Nawaar el-Hasan"
"S2022_111",2022,"Olivia","al-Rahimi","Olivia al-Rahimi"
"S2023_111",2023,"Brandon","Jenkins","Brandon Jenkins"
"S2024_111",2024,"Tamara","Sadaqat","Tamara Sadaqat"
"S2025_111",2025,"Abbie","Havlik","Abbie Havlik"
"S2022_112",2022,"Alifonso","Gutierrez","Alifonso Gutierrez"
"S2023_112",2023,"Eduardo","Kothe","Eduardo Kothe"
"S2024_112",2024,"Shavonna","Khalil","Shavonna Khalil"
"S2025_112",2025,"Liukura","Harris","Liukura Harris"
"S2022_113",2022,"William","al-Rahimi","William al-Rahimi"
"S2023_113",2023,"Kassandra","Hart","Kassandra Hart"
"S2024_113",2024,"Omosade","Pacheco","Omosade Pacheco"
"S2025_113",2025,"Almiranda","Nichols","Almiranda Nichols"
"S2022_114",2022,"Alexandra","al-Kanan","Alexandra al-Kanan"
"S2023_114",2023,"Samraa","Taylor","Samraa Taylor"
"S2024_114",2024,"Hideo","Hernandez","Hideo Hernandez"
"S2025_114",2025,"Jonathan","Montoya","Jonathan Montoya"
"S2022_115",2022,"Taylor","Yoon","Taylor Yoon"
"S2023_115",2023,"Shayla","al-Waheed","Shayla al-Waheed"
"S2024_115",2024,"Christopher","Natonabah","Christopher Natonabah"
"S2025_115",2025,"Johnathan","Love","Johnathan Love"
"S2022_116",2022,"Abaell","Mizoue","Abaell Mizoue"
"S2023_116",2023,"Jeremy","Cordova","Jeremy Cordova"
"S2024_116",2024,"Ariana","Garvin","Ariana Garvin"
"S2025_116",2025,"Jamaal","Hopkins","Jamaal Hopkins"
"S2022_117",2022,"Anbara","Dinae","Anbara Dinae"
"S2023_117",2023,"Christina","Brewer","Christina Brewer"
"S2024_117",2024,"Daria","al-Yusuf","Daria al-Yusuf"
"S2025_117",2025,"Callie","Lynch","Callie Lynch"
"S2022_118",2022,"Trevon","al-Rais","Trevon al-Rais"
"S2023_118",2023,"Chase","Nguyen","Chase Nguyen"
"S2024_118",2024,"Trevon","Panyachith","Trevon Panyachith"
"S2025_118",2025,"Anthony","al-Farhat","Anthony al-Farhat"
"S2022_119",2022,"Diana","Hoffman","Diana Hoffman"
"S2023_119",2023,"Jessica","Mcclellan","Jessica Mcclellan"
"S2024_119",2024,"James","Ballard","James Ballard"
"S2025_119",2025,"Julian","Rincon-Aguilar","Julian Rincon-Aguilar"
"S2022_120",2022,"Decarlo","Love","Decarlo Love"
"S2023_120",2023,"Mariah","Barela","Mariah Barela"
"S2024_120",2024,"Zulfa","Johnson","Zulfa Johnson"
"S2025_120",2025,"Marshall","Schwarzenberger","Marshall Schwarzenberger"
"S2022_121",2022,"Razeen","Heir","Razeen Heir"
"S2023_121",2023,"Otoniel","Brown","Otoniel Brown"
"S2024_121",2024,"Marguerite","Lopez","Marguerite Lopez"
"S2025_121",2025,"Kenaya","Reddy","Kenaya Reddy"
"S2022_122",2022,"Courtney","el-Malik","Courtney el-Malik"
"S2023_122",2023,"Kathryn","Gallegos","Kathryn Gallegos"
"S2024_122",2024,"Jose","Belay-Gebru","Jose Belay-Gebru"
"S2025_122",2025,"Taamir","Nguyen","Taamir Nguyen"
"S2022_123",2022,"Menandez","Jacket","Menandez Jacket"
"S2023_123",2023,"Anthony","Polk","Anthony Polk"
"S2024_123",2024,"Saleema","Joe","Saleema Joe"
"S2025_123",2025,"Charmane","Maruyama","Charmane Maruyama"
"S2022_124",2022,"Cesar","al-Dar","Cesar al-Dar"
"S2023_124",2023,"Andrew","el-Baig","Andrew el-Baig"
"S2024_124",2024,"Shukriyya","Lettig","Shukriyya Lettig"
"S2025_124",2025,"Yvette","Verbonitz","Yvette Verbonitz"
"S2022_125",2022,"Nico","Mcclure","Nico Mcclure"
"S2023_125",2023,"Khulood","Mccoy","Khulood Mccoy"
"S2024_125",2024,"Radwa","Marteniez","Radwa Marteniez"
"S2025_125",2025,"Te'Jae","el-Wakim","Te'Jae el-Wakim"
"S2022_126",2022,"Ruben","al-Hashmi","Ruben al-Hashmi"
"S2023_126",2023,"Christina","Palen","Christina Palen"
"S2024_126",2024,"Timothy","Deere","Timothy Deere"
"S2025_126",2025,"Dean","Hall","Dean Hall"
"S2022_127",2022,"Zaahira","Santiago","Zaahira Santiago"
"S2023_127",2023,"Daelynn","Pixley","Daelynn Pixley"
"S2024_127",2024,"Micala","Ramirez","Micala Ramirez"
"S2025_127",2025,"Gabriel","Fuentes","Gabriel Fuentes"
"S2022_128",2022,"Christopher","Cervantes","Christopher Cervantes"
"S2023_128",2023,"Waddaah","Amory","Waddaah Amory"
"S2024_128",2024,"Elisha","Insy","Elisha Insy"
"S2025_128",2025,"Alexis","Hoffpauir","Alexis Hoffpauir"
"S2022_129",2022,"Afraah","Tran","Afraah Tran"
"S2023_129",2023,"Skylar","Siordia","Skylar Siordia"
"S2024_129",2024,"Krystal","Hernandez","Krystal Hernandez"
"S2025_129",2025,"Claire","Sidney","Claire Sidney"
"S2022_130",2022,"Alexandria","Felix","Alexandria Felix"
"S2023_130",2023,"Alissa","el-Awan","Alissa el-Awan"
"S2024_130",2024,"Sean","Aguilera","Sean Aguilera"
"S2025_130",2025,"Caleb","Walker","Caleb Walker"
"S2022_131",2022,"Jeremiah","O Bryan","Jeremiah O Bryan"
"S2023_131",2023,"Fadil","Olguin","Fadil Olguin"
"S2024_131",2024,"Naomi Chrysana","al-Jamail","Naomi Chrysana al-Jamail"
"S2025_131",2025,"Anthony","Lowe","Anthony Lowe"
"S2022_132",2022,"Alexia","Gonzales","Alexia Gonzales"
"S2023_132",2023,"Nicholas","Roman","Nicholas Roman"
"S2024_132",2024,"Henry","al-Jafari","Henry al-Jafari"
"S2025_132",2025,"Brittany","Pham","Brittany Pham"
"S2022_133",2022,"Chase","Nash","Chase Nash"
"S2023_133",2023,"Sandro","Evink","Sandro Evink"
"S2024_133",2024,"Tristian","Rhoades","Tristian Rhoades"
"S2025_133",2025,"Tsavii","Gast","Tsavii Gast"
"S2022_134",2022,"Luis","al-Rahmani","Luis al-Rahmani"
"S2023_134",2023,"Kristen","Tang","Kristen Tang"
"S2024_134",2024,"Germany","Longoria","Germany Longoria"
"S2025_134",2025,"Jesse","Tyson","Jesse Tyson"
"S2022_135",2022,"Izzaddeen","Sysavat","Izzaddeen Sysavat"
"S2023_135",2023,"Rey","el-Abdalla","Rey el-Abdalla"
"S2024_135",2024,"Sam","Nguyen","Sam Nguyen"
"S2025_135",2025,"Panupoan","Hayes","Panupoan Hayes"
"S2022_136",2022,"Raymond","Roche","Raymond Roche"
"S2023_136",2023,"Ramiro","Macneill","Ramiro Macneill"
"S2024_136",2024,"Justin","Peterson","Justin Peterson"
"S2025_136",2025,"Marilu","el-Nawaz","Marilu el-Nawaz"
"S2022_137",2022,"Mark","Mehert Ab","Mark Mehert Ab"
"S2023_137",2023,"Katalina","Begaye","Katalina Begaye"
"S2024_137",2024,"Andre","el-Moghaddam","Andre el-Moghaddam"
"S2025_137",2025,"Nooriyya","Leung","Nooriyya Leung"
"S2022_138",2022,"Luke","el-Sheikh","Luke el-Sheikh"
"S2023_138",2023,"Katelyn","Barajas-Lepe","Katelyn Barajas-Lepe"
"S2024_138",2024,"Sha-Quille","al-Hariri","Sha-Quille al-Hariri"
"S2025_138",2025,"Nikeya","Wada","Nikeya Wada"
"S2022_139",2022,"Akane","Miller","Akane Miller"
"S2023_139",2023,"Timothy","Collins","Timothy Collins"
"S2024_139",2024,"Akshitsinh","Abenes","Akshitsinh Abenes"
"S2025_139",2025,"Okatomi","Street","Okatomi Street"
"S2022_140",2022,"Nusaiba","Brown","Nusaiba Brown"
"S2023_140",2023,"Tierra","Autterson","Tierra Autterson"
"S2024_140",2024,"Shemal","Creekmore","Shemal Creekmore"
"S2025_140",2025,"Adrienne","al-Hasen","Adrienne al-Hasen"
"S2022_141",2022,"Stephen","Solano","Stephen Solano"
"S2023_141",2023,"Fabian","Enkh Amgalan","Fabian Enkh Amgalan"
"S2024_141",2024,"Haala","Houangvilay","Haala Houangvilay"
"S2025_141",2025,"Tiara","Hu","Tiara Hu"
"S2022_142",2022,"Manaara","el-Dia","Manaara el-Dia"
"S2023_142",2023,"Lena","al-Azer","Lena al-Azer"
"S2024_142",2024,"Maharai","Vaughn","Maharai Vaughn"
"S2025_142",2025,"Shabeeba","el-Begum","Shabeeba el-Begum"
"S2022_143",2022,"Lauren","Bohr","Lauren Bohr"
"S2023_143",2023,"Eddy","Grunewald","Eddy Grunewald"
"S2024_143",2024,"Monique","Bennett","Monique Bennett"
"S2025_143",2025,"Channa","Garcia","Channa Garcia"
"S2022_144",2022,"Sheldyn","Chapa","Sheldyn Chapa"
"S2023_144",2023,"Gurleen","Trinh","Gurleen Trinh"
"S2024_144",2024,"Nayong","Taylor","Nayong Taylor"
"S2025_144",2025,"Kameela","al-Farra","Kameela al-Farra"
"S2022_145",2022,"Susan","Idris","Susan Idris"
"S2023_145",2023,"Ghaalib","Ostendorf","Ghaalib Ostendorf"
"S2024_145",2024,"Ian","Bird","Ian Bird"
"S2025_145",2025,"Elizabeth","Davis","Elizabeth Davis"
"S2022_146",2022,"Parisa","Reed","Parisa Reed"
"S2023_146",2023,"Jenafer","Martinez","Jenafer Martinez"
"S2024_146",2024,"Rifaah","Gutierrez","Rifaah Gutierrez"
"S2025_146",2025,"Monique","Darden","Monique Darden"
"S2022_147",2022,"Abyad","Bailey","Abyad Bailey"
"S2023_147",2023,"Kasey","Clarkson","Kasey Clarkson"
"S2024_147",2024,"Luaci","Liwanag","Luaci Liwanag"
"S2025_147",2025,"Niecy","Cordell","Niecy Cordell"
"S2022_148",2022,"Brandon","Johnson","Brandon Johnson"
"S2023_148",2023,"Suzzy","Flores","Suzzy Flores"
"S2024_148",2024,"Darrion","Guerra","Darrion Guerra"
"S2025_148",2025,"Muhjar","Sanchez","Muhjar Sanchez"
"S2022_149",2022,"Mahfooz","el-Sader","Mahfooz el-Sader"
"S2023_149",2023,"Isaiah","Garner","Isaiah Garner"
"S2024_149",2024,"Kayleen","Minor","Kayleen Minor"
"S2025_149",2025,"Timothy","Burke","Timothy Burke"
"S2022_150",2022,"Thomas","Byrnes","Thomas Byrnes"
"S2023_150",2023,"Michael","el-Ramadan","Michael el-Ramadan"
"S2024_150",2024,"Jaylen","Cox","Jaylen Cox"
"S2025_150",2025,"Joshua","Johnson-Hodge","Joshua Johnson-Hodge"
